{"cameraMode":{"drawMode":0,"name":"Shaded","section":"Shading Mode"},"sceneLighting":false,"audioPlay":false,"sceneViewState":{"showFog":true,"showMaterialUpdate":false,"showSkybox":false,"showFlares":true,"showImageEffects":true,"showParticleSystems":true},"in2DMode":false,"pivot":{"x":1.6172146797180176,"y":-0.47550296783447268,"z":0.008443117141723633},"rotation":{"x":-0.22442089021205903,"y":-0.6988759636878967,"z":0.24976299703121186,"w":-0.6320293545722961},"size":6.935991287231445,"orthographic":false}