{"cameraMode":{"drawMode":0,"name":"Shaded","section":"Shading Mode"},"sceneLighting":false,"audioPlay":false,"sceneViewState":{"showFog":true,"showMaterialUpdate":false,"showSkybox":false,"showFlares":true,"showImageEffects":true,"showParticleSystems":true},"in2DMode":false,"pivot":{"x":-6.567569255828857,"y":-1.9526993036270142,"z":-0.7981894612312317},"rotation":{"x":0.11597109586000443,"y":-0.7542957663536072,"z":0.13687393069267274,"w":0.632047176361084},"size":10.904166221618653,"orthographic":false}