{"cameraMode":{"drawMode":0,"name":"Shaded","section":"Shading Mode"},"sceneLighting":false,"audioPlay":false,"sceneViewState":{"showFog":true,"showMaterialUpdate":false,"showSkybox":false,"showFlares":true,"showImageEffects":true,"showParticleSystems":true},"in2DMode":false,"pivot":{"x":-0.012941241264343262,"y":0.6186964511871338,"z":0.01901233196258545},"rotation":{"x":0.11936863511800766,"y":-0.877741277217865,"z":0.28168419003486636,"w":0.36961713433265688},"size":4.556958198547363,"orthographic":false}