{"cameraMode":{"drawMode":0,"name":"Shaded","section":"Shading Mode"},"sceneLighting":false,"audioPlay":false,"sceneViewState":{"showFog":true,"showMaterialUpdate":false,"showSkybox":false,"showFlares":true,"showImageEffects":true,"showParticleSystems":true},"in2DMode":false,"pivot":{"x":-1.4394645690917969,"y":0.4898272454738617,"z":0.44136399030685427},"rotation":{"x":0.12117539346218109,"y":-0.7194729447364807,"z":0.12825562059879304,"w":0.6722019910812378},"size":6.8805975914001469,"orthographic":false}