{"cameraMode":{"drawMode":0,"name":"Shaded","section":"Shading Mode"},"sceneLighting":false,"audioPlay":false,"sceneViewState":{"showFog":true,"showMaterialUpdate":false,"showSkybox":false,"showFlares":true,"showImageEffects":true,"showParticleSystems":true},"in2DMode":false,"pivot":{"x":-0.3173682689666748,"y":0.5900955200195313,"z":0.17445522546768189},"rotation":{"x":0.13973449170589448,"y":-0.7606152892112732,"z":0.1725352704524994,"w":0.6105740666389465},"size":4.823870658874512,"orthographic":false}