{"cameraMode":{"drawMode":0,"name":"Shaded","section":"Shading Mode"},"sceneLighting":false,"audioPlay":false,"sceneViewState":{"showFog":true,"showMaterialUpdate":false,"showSkybox":false,"showFlares":true,"showImageEffects":true,"showParticleSystems":true},"in2DMode":false,"pivot":{"x":-0.7193806767463684,"y":0.8806746006011963,"z":1.0714231729507447},"rotation":{"x":0.24156153202056886,"y":-0.7297421097755432,"z":0.315286248922348,"w":0.557084321975708},"size":5.6518073081970219,"orthographic":false}