{"cameraMode":{"drawMode":0,"name":"Shaded","section":"Shading Mode"},"sceneLighting":false,"audioPlay":false,"sceneViewState":{"showFog":true,"showMaterialUpdate":false,"showSkybox":false,"showFlares":true,"showImageEffects":true,"showParticleSystems":true},"in2DMode":false,"pivot":{"x":-0.4882783889770508,"y":0.4452182650566101,"z":0.2472684383392334},"rotation":{"x":0.11936863511800766,"y":-0.877741277217865,"z":0.28168419003486636,"w":0.36961713433265688},"size":3.143681764602661,"orthographic":false}